{
  "appId": "com.pixeltask.todoapp",
  "productName": "PixelTask",
  "directories": {
    "output": "dist-electron"
  },
  "files": [
    "dist/**/*",
    "electron/**/*",
    "package.json"
  ],
  "extraResources": [
    {
      "from": "dist",
      "to": "app/dist"
    }
  ],
  "win": {
    "target": {
      "target": "nsis",
      "arch": [
        "x64"
      ]
    },
    "icon": "electron/icon.ico"
  },
  "nsis": {
    "oneClick": false,
    "allowToChangeInstallationDirectory": true,
    "createDesktopShortcut": true,
    "createStartMenuShortcut": true
  },
  "mac": {
    "target": {
      "target": "dmg",
      "arch": [
        "x64",
        "arm64"
      ]
    },
    "icon": "electron/icon.icns"
  },
  "linux": {
    "target": {
      "target": "AppImage",
      "arch": [
        "x64"
      ]
    },
    "icon": "electron/icon.png"
  }
}